m	Abdonas
m	Abdula
m	Abelis
m	Abraomas
m	Abromas
m	Achilas
m	Achmedas
m	Adalbertas
m	Adanas
m	Adas
m	Adauktas
m	Adeodatas
m	Adis
m	Adolfas
m	Adolfinas
m	Adolis
m	Adolius
m	Adomas
m	Adonis
m	Adrianas
m	Adrijonas
m	Adrijus
m	Adris
m	Adrius
m	Adžius
m	Agapitas
m	Agatas
m	Agatonas
m	Agnas
m	Agnetas
m	Agnis
m	Agnius
m	Aidas
m	Aidis
m	Aidoras
m	Aigardas
m	Aigaudas
m	Aigintas
m	Aigirdas
m	Aigiris
m	Aigis
m	Aigustas
m	Aimanas
m	Aimantas
m	Aimas
m	Aimedas
m	Aimintas
m	Aimis
m	Aimius
m	Ainaras
m	Ainas
m	Ainis
m	Ainius
m	Ainoras
m	Airas
m	Airimas
m	Airis
m	Airius
m	Aistas
m	Aistis
m	Aistris
m	Aistrius
m	Aitaras
m	Aitvydas
m	Aivaldas
m	Aivaras
m	Aivardas
m	Aivaris
m	Aivas
m	Aivis
m	Aivydas
m	Ajeras
m	Akacijus
m	Akvilas
m	Akvilinas
m	Akvilius
m	Alanas
m	Alantas
m	Albertas
m	Albinas
m	Aldas
m	Aldis
m	Aldonas
m	Aldžius
m	Alechandras
m	Aleksandr
m	Aleksandras
m	Aleksas
m	Aleksejus
m	Aleksijus
m	Aleksis
m	Aleksius
m	Aleksys
m	Alfas
m	Alfonsas
m	Alfredas
m	Algandas
m	Algardas
m	Algaudas
m	Algedas
m	Algimantas
m	Algimas
m	Algimintas
m	Alginas
m	Algintas
m	Algirdas
m	Algirtas
m	Algis
m	Algividas
m	Algminas
m	Algvidas
m	Algys
m	Alimantas
m	Alis
m	Alius
m	Alivydas
m	Alkantas
m	Alkas
m	Alkis
m	Almanas
m	Almantas
m	Almas
m	Almedas
m	Alminas
m	Almindas
m	Almintas
m	Almis
m	Almonas
m	Aloyzas
m	Altautas
m	Alvaidas
m	Alvainas
m	Alvidas
m	Alvilas
m	Alvinas
m	Alvirdas
m	Alvis
m	Alvitas
m	Alvitis
m	Alvydas
m	Alvyras
m	Alvys
m	Alys
m	Alyzas
m	Amadas
m	Amadėjus
m	Amalijus
m	Amandas
m	Ambraziejus
m	Amelijus
m	Amosas
m	Ananijus
m	Anas
m	Anastazas
m	Anastazijus
m	Anastazius
m	Anatolijus
m	Anatolis
m	Anatolius
m	Ancas
m	Anchelas
m	Ancis
m	Ancius
m	Andras
m	Andrėjas
m	Andrėjus
m	Andriejus
m	Andris
m	Andrius
m	Anelius
m	Angelas
m	Angelius
m	Anicas
m	Anicetas
m	Anicis
m	Anicius
m	Anis
m	Ansas
m	Antanas
m	Antaninas
m	Antas
m	Antonijus
m	Anupras
m	Anzelmas
m	Anzelmis
m	Apolinaras
m	Apolinarijus
m	Apolius
m	Apolonas
m	Apolonijus
m	Aras
m	Arbutas
m	Archipas
m	Arėjas
m	Arėjus
m	Aretas
m	Aretis
m	Argailas
m	Argaudas
m	Argimantas
m	Argintas
m	Arielis
m	Arielius
m	Arijas
m	Arijus
m	Arimanas
m	Arimantas
m	Arimas
m	Aris
m	Aristas
m	Aristėjas
m	Aristėjus
m	Aristidas
m	Aristidis
m	Aristotelis
m	Arius
m	Arkadijus
m	Armandas
m	Armantas
m	Armas
m	Armedas
m	Arminas
m	Armintas
m	Armis
m	Armondas
m	Arnas
m	Arnis
m	Arnius
m	Arnoldas
m	Arnulfas
m	Arsenas
m	Arsenijus
m	Artas
m	Artautas
m	Artemijus
m	Artemonas
m	Artis
m	Artūras
m	Arūnas
m	Arvaidas
m	Arvaldas
m	Arvidas
m	Arvilas
m	Arvilis
m	Arvinas
m	Arvis
m	Arvydas
m	Arvystas
m	Astas
m	Asteras
m	Asterijus
m	Astijus
m	Astis
m	Astridas
m	Astrius
m	Ašmantas
m	Atanas
m	Atanazas
m	Atas
m	Atikas
m	Atis
m	Audangas
m	Audas
m	Audingas
m	Audis
m	Audomaras
m	Audras
m	Audris
m	Audrius
m	Audronis
m	Audronius
m	Audrūnas
m	Audrys
m	Audvydas
m	Audvydis
m	Augantas
m	Augas
m	Augenis
m	Augimantas
m	Auginas
m	Augintas
m	Augirdas
m	Augis
m	Augius
m	Augmantas
m	Augminas
m	Augūnas
m	Augustas
m	Augustinas
m	Augustis
m	Augvidas
m	Augvydas
m	Augys
m	Aujotas
m	Auksas
m	Auksis
m	Auksius
m	Auksys
m	Aumantas
m	Aumas
m	Auras
m	Aurėjus
m	Aurelijus
m	Aurelius
m	Aurimantas
m	Aurimas
m	Auris
m	Aurius
m	Aurys
m	Aušmantas
m	Aušras
m	Aušrimas
m	Aušrinis
m	Aušris
m	Aušrius
m	Aušrys
m	Auštaras
m	Aušvidas
m	Aušvydas
m	Auvydas
m	Azarijus
m	Ąžuolas
m	Ąžuolis
f	Abigailė
f	Abrilė
f	Achila
f	Achmeda
f	Ada
f	Adalberta
f	Adė
f	Adela
f	Adelaida
f	Adelė
f	Adelija
f	Adelina
f	Adolė
f	Adolfa
f	Adolfina
f	Adona
f	Adonė
f	Adrė
f	Adriana
f	Adrija
f	Aga
f	Agapė
f	Agapija
f	Agapita
f	Agata
f	Agatė
f	Agė
f	Ageda
f	Agluona
f	Agna
f	Agnė
f	Agneta
f	Agnetė
f	Agnieta
f	Agnietė
f	Agota
f	Agotė
f	Agra
f	Agripina
f	Aida
f	Aidė
f	Aidora
f	Aiga
f	Aigilė
f	Aiginta
f	Aigustė
f	Aima
f	Aimana
f	Aimanta
f	Aimantė
f	Aimė
f	Aimeda
f	Aina
f	Ainara
f	Ainė
f	Ainora
f	Aira
f	Airė
f	Airima
f	Aista
f	Aistė
f	Aistra
f	Aistrė
f	Aita
f	Aitara
f	Aitra
f	Aiva
f	Aivalda
f	Aivara
f	Aivė
f	Aividė
f	Aivilė
f	Aivina
f	Akvila
f	Akvilė
f	Akvilina
f	Ala
f	Alana
f	Alanta
f	Alantė
f	Alba
f	Alberta
f	Albertina
f	Albina
f	Albinė
f	Alda
f	Aldė
f	Aldona
f	Alė
f	Aleksa
f	Aleksandra
f	Aleksė
f	Aleksija
f	Alena
f	Aleta
f	Alfa
f	Alfonsa
f	Alfonsė
f	Alfreda
f	Alga
f	Alganda
f	Algauda
f	Algaudė
f	Algė
f	Algeda
f	Algenė
f	Algima
f	Algimanta
f	Algimantė
f	Algimina
f	Algina
f	Alginta
f	Algintė
f	Algira
f	Algirda
f	Algirdė
f	Algmina
f	Algunda
f	Algvida
f	Algvina
f	Algyda
f	Algydė
f	Alicija
f	Alimana
f	Alina
f	Aliodija
f	Alisa
f	Alma
f	Almana
f	Almanė
f	Almanta
f	Almantė
f	Almė
f	Almeda
f	Almilė
f	Almina
f	Alminė
f	Alminta
f	Almona
f	Almonė
f	Almuonė
f	Almyra
f	Alna
f	Alnora
f	Alodija
f	Alondra
f	Aloyza
f	Aluona
f	Alva
f	Alvė
f	Alvida
f	Alvilė
f	Alvina
f	Alvinė
f	Alvita
f	Alvitė
f	Alvyda
f	Alvydė
f	Alvyra
f	Alvyrė
f	Ama
f	Amadėja
f	Amalė
f	Amalija
f	Amanda
f	Amarilė
f	Amelė
f	Amelija
f	Aminta
f	Ana
f	Anabela
f	Anabelė
f	Analija
f	Anastazė
f	Anastazija
f	Anatolija
f	Ancė
f	Anchela
f	Andra
f	Andrė
f	Andrėja
f	Andrieja
f	Anė
f	Anela
f	Anelė
f	Aneta
f	Angela
f	Angelė
f	Aniceta
f	Anta
f	Antana
f	Antanė
f	Antanina
f	Antarė
f	Antonija
f	Anzelma
f	Apolinara
f	Apolinarija
f	Apolonė
f	Apolonija
f	Ara
f	Arėja
f	Areta
f	Aretė
f	Argina
f	Arginta
f	Argintė
f	Argira
f	Ariadna
f	Ariadnė
f	Ariela
f	Arielė
f	Arija
f	Arimana
f	Arimanta
f	Arimantė
f	Arimeda
f	Arista
f	Aristėja
f	Aristida
f	Arkadija
f	Arma
f	Armanta
f	Armantė
f	Armeda
f	Armilė
f	Armina
f	Arminė
f	Arminta
f	Armintė
f	Arna
f	Arnė
f	Arnolda
f	Arsena
f	Arsenija
f	Artautė
f	Artė
f	Artemida
f	Artemidė
f	Artūra
f	Artūrė
f	Arūnė
f	Arvaida
f	Arvaidė
f	Arvida
f	Arvidė
f	Arvilė
f	Arvina
f	Arvyda
f	Arvydė
f	Aspazija
f	Asta
f	Astė
f	Astera
f	Asterija
f	Astija
f	Astra
f	Astrė
f	Astrida
f	Ašara
f	Ata
f	Atėna
f	Atėnė
f	Auda
f	Audangė
f	Audinga
f	Audmantė
f	Audra
f	Audrė
f	Audronė
f	Audrūnė
f	Auga
f	Augė
f	Augenė
f	Augina
f	Augintė
f	Augmantė
f	Augmilė
f	Augmina
f	Augtara
f	Augtarė
f	Augunda
f	Augusta
f	Augustė
f	Augustina
f	Augvilė
f	Auksa
f	Auksė
f	Auksuolė
f	Auksutė
f	Aura
f	Aurė
f	Aurėja
f	Aurela
f	Aurelė
f	Aurelija
f	Aurima
f	Aurimantė
f	Aurimė
f	Aurora
f	Aušra
f	Aušrė
f	Aušrinė
f	Austa
f	Austė
f	Austėja
f	Aušvilė
f	Aušvyda
f	Aušvydė
f	Avita
f	Ąžuolė
m	Balandis
m	Balis
m	Balius
m	Baltazaras
m	Baltramiejus
m	Baltras
m	Baltrus
m	Balys
m	Bangis
m	Banguolis
m	Barintas
m	Baris
m	Barnabas
m	Bartas
m	Bartautas
m	Bartvydas
m	Barvydas
m	Bazilidas
m	Bazilijus
m	Beatas
m	Beiminas
m	Benadas
m	Benas
m	Benediktas
m	Benignas
m	Benis
m	Benitas
m	Benius
m	Benjaminas
m	Benonas
m	Benonis
m	Benvenutas
m	Berčius
m	Berkantas
m	Berkas
m	Bernardinas
m	Bernardas
m	Bertas
m	Bertautas
m	Bertis
m	Bertoldas
m	Beržas
m	Bijūnas
m	Birmantas
m	Bytautas
m	Blažiejus
m	Blažys
m	Bogumilas
m	Boleslavas
m	Boleslovas
m	Bolis
m	Bolius
m	Bolys
m	Bonas
m	Bonaventūras
m	Bonifacas
m	Bonifacijus
m	Bonitas
m	Bonius
m	Brigitas
m	Bronas
m	Bronis
m	Bronislavas
m	Bronislovas
m	Bronius
m	Bronys
m	Brunas
m	Brunonas
m	Budginas
m	Budvydas
m	Butautas
m	Butvydas
f	Balanda
f	Balbina
f	Baltija
f	Banga
f	Banguolė
f	Bara
f	Barbė
f	Barbora
f	Barė
f	Barnarda
f	Bartautė
f	Bartė
f	Bartvilė
f	Bazilė
f	Bazilija
f	Beata
f	Beatričė
f	Beatrisa
f	Bena
f	Benada
f	Benė
f	Benedikta
f	Benediktė
f	Benigna
f	Benita
f	Benjamina
f	Benona
f	Bergailė
f	Bernada
f	Bernadė
f	Bernadeta
f	Bernadina
f	Bernarda
f	Bernardė
f	Berta
f	Bertautė
f	Beta
f	Bijūnė
f	Birutė
f	Bitė
f	Bytautė
f	Blanda
f	Blandė
f	Blanka
f	Bogoslava
f	Bogumila
f	Boguslava
f	Boleslava
f	Boleslova
f	Bona
f	Bonaventūra
f	Bonifaca
f	Bonifacija
f	Bonita
f	Brigita
f	Bronė
f	Bronislava
f	Bronislova
f	Bruknė
f	Bruna
f	Brunhilda
f	Brunona
f	Budvilė
f	Butgailė
m	Charitonas
m	Chesus
m	Celestinas
m	Celinas
m	Cezaras
m	Cezarijus
m	Cezaris
f	Chimena
f	Cecilė
f	Cecilija
f	Celerina
f	Celestė
f	Celestina
f	Celina
f	Cezara
f	Cezarija
f	Cezė
f	Cilė
m	Česis
m	Česius
m	Česlovas
m	Česys
m	Čiogintas
m	Čiovydas
f	Česė
f	Česlava
f	Česlova
m	Dagnis
m	Dagnius
m	Daimantas
m	Daimas
m	Dainaras
m	Dainas
m	Dainis
m	Dainius
m	Dainoras
m	Dainys
m	Dalijus
m	Dalis
m	Dalius
m	Dalys
m	Damas
m	Damazas
m	Damianas
m	Damijonas
m	Danas
m	Dangiras
m	Dangiris
m	Dangirius
m	Dangis
m	Dangius
m	Danguolis
m	Danielas
m	Danielis
m	Danielius
m	Danis
m	Danius
m	Danys
m	Daras
m	Dargaudas
m	Darginas
m	Dargiras
m	Dargirdas
m	Dargiris
m	Dargis
m	Dargvilas
m	Darijus
m	Daris
m	Darius
m	Darmantas
m	Darminas
m	Darmintas
m	Dartautas
m	Darvilas
m	Darvinas
m	Darvydas
m	Dasijus
m	Daugailis
m	Daugantas
m	Daugardas
m	Daugas
m	Daugilas
m	Daugintas
m	Daugiras
m	Daugirdas
m	Daugis
m	Daugmantas
m	Daugotas
m	Daugvidas
m	Daugvilas
m	Daugvinas
m	Daugvydas
m	Daugys
m	Daujotas
m	Daukantas
m	Daukvydas
m	Daumantas
m	Daumilas
m	Daumintas
m	Dauras
m	Daurimas
m	Dauris
m	Daurius
m	Dautaras
m	Dautartas
m	Dauvydas
m	Davidas
m	Davis
m	Deboras
m	Deimantas
m	Deimantis
m	Deimas
m	Deimilas
m	Deimilis
m	Deimilius
m	Deiminas
m	Deimintas
m	Deimis
m	Deinaras
m	Deinas
m	Deinius
m	Deinoras
m	Deivaldas
m	Deivas
m	Deividas
m	Deivilas
m	Deivis
m	Deivius
m	Deivydas
m	Delfinas
m	Demas
m	Demetrijus
m	Demetris
m	Demetrius
m	Demis
m	Denas
m	Denis
m	Denius
m	Denys
m	Deodatas
m	Dianas
m	Didimas
m	Diegas
m	Diemedis
m	Dignas
m	Dijanas
m	Diodoras
m	Diomedas
m	Dionas
m	Dionizas
m	Dionyzas
m	Dirmantas
m	Dobilas
m	Domantas
m	Domas
m	Domilas
m	Domilis
m	Domingas
m	Domininkas
m	Domintas
m	Dominykas
m	Donaldas
m	Donardas
m	Donas
m	Donatas
m	Donis
m	Donius
m	Doras
m	Dormantas
m	Dorotas
m	Dorotėjus
m	Dorotis
m	Dovaidas
m	Dovainis
m	Dovaldas
m	Dovardas
m	Dovas
m	Dovilas
m	Dovilis
m	Dovilius
m	Doviltas
m	Dovis
m	Dovydas
m	Drąsis
m	Drąsius
m	Dravis
m	Dravys
m	Dromantas
m	Dzidas
m	Dzidoris
m	Dzidorius
m	Džiugas
m	Džiugimantas
m	Džiugintas
m	Džordanas
f	Dagilė
f	Dagmara
f	Dagna
f	Dagnė
f	Daima
f	Daimanta
f	Daimantė
f	Daina
f	Dainara
f	Dainarė
f	Dainava
f	Dainė
f	Dainora
f	Daiva
f	Daivita
f	Dalė
f	Dalia
f	Dalija
f	Damiana
f	Damijona
f	Dana
f	Danė
f	Danga
f	Dangė
f	Dangilė
f	Dangira
f	Dangirė
f	Danguolė
f	Dangutė
f	Daniela
f	Danielė
f	Danuta
f	Danutė
f	Dara
f	Darata
f	Darė
f	Dargailė
f	Dargilė
f	Dargirė
f	Dargvilė
f	Darija
f	Darma
f	Darmantė
f	Darmilė
f	Darvida
f	Darvilė
f	Darvyda
f	Daugailė
f	Daugilė
f	Daugirda
f	Daugvilė
f	Daugvydė
f	Daujotė
f	Daukantė
f	Daumantė
f	Daumilė
f	Dausa
f	Dautarė
f	Davidė
f	Debora
f	Deima
f	Deimanta
f	Deimantė
f	Deimė
f	Deimena
f	Deimilė
f	Deimina
f	Deiminta
f	Deimintė
f	Deina
f	Deinara
f	Deinora
f	Deiva
f	Deivė
f	Deividė
f	Deivilė
f	Deivydė
f	Delfina
f	Dema
f	Demetra
f	Demetrija
f	Dena
f	Denė
f	Deodata
f	Deziderija
f	Diana
f	Diena
f	Digna
f	Dignė
f	Dijana
f	Dingailė
f	Dioniza
f	Dionyza
f	Dita
f	Ditė
f	Dobilė
f	Dobroslava
f	Dolora
f	Dolorė
f	Doloresa
f	Dolorosa
f	Doma
f	Domantė
f	Domė
f	Domicė
f	Domicelė
f	Domicėlė
f	Domicija
f	Domilė
f	Dominga
f	Domininka
f	Dominta
f	Dominyka
f	Dona
f	Donalda
f	Donata
f	Donatė
f	Donatilė
f	Donė
f	Donvina
f	Dora
f	Dorė
f	Dormantė
f	Dorota
f	Dorotė
f	Dorotėja
f	Dovaidė
f	Dovainė
f	Dovaldė
f	Dovė
f	Dovilė
f	Doviltė
f	Dovyda
f	Dovydė
f	Drąsa
f	Drąsė
f	Drovydė
f	Duonė
f	Džiuga
f	Džiuganta
f	Džiugė
f	Džiugilė
f	Džiuginta
f	Džordana
m	Edas
m	Edgaras
m	Edgardas
m	Edis
m	Editas
m	Edmas
m	Edmundas
m	Eduardas
m	Edvardas
m	Edvinas
m	Efremas
m	Egbertas
m	Egidas
m	Egidijus
m	Egidis
m	Egilas
m	Egilis
m	Egis
m	Ėglius
m	Eglius
m	Egmontas
m	Egonas
m	Egonis
m	Eibaras
m	Eibartas
m	Eidas
m	Eidenis
m	Eidigintas
m	Eidimantas
m	Eidimtas
m	Eidintas
m	Eidivaldas
m	Eidmantas
m	Eidminas
m	Eidotas
m	Eidvidas
m	Eidvilas
m	Eidvilis
m	Eidviltas
m	Eidvinas
m	Eidvydas
m	Eigantas
m	Eigardas
m	Eigaudas
m	Eigimantas
m	Eiginas
m	Eigindas
m	Eigintas
m	Eigirdas
m	Eigmantas
m	Eigminas
m	Eigvidas
m	Eigvirdas
m	Eigydas
m	Eikantas
m	Eikintas
m	Eimanas
m	Eimantas
m	Eimas
m	Eiminas
m	Eimintas
m	Eimis
m	Eimius
m	Einaras
m	Einartas
m	Einis
m	Einius
m	Einoras
m	Einorius
m	Einys
m	Eirimas
m	Eiris
m	Eismantas
m	Eisminas
m	Eisvidas
m	Eisvinas
m	Eisvydas
m	Eitaras
m	Eitarius
m	Eitas
m	Eitautas
m	Eitmantas
m	Eitminas
m	Eitnoras
m	Eitvaldas
m	Eitvidas
m	Eitvilas
m	Eitviltas
m	Eitvydas
m	Eivaldas
m	Eivardas
m	Eivas
m	Eividas
m	Eivilas
m	Eivilis
m	Eiviltas
m	Eivinas
m	Eivis
m	Eivydas
m	Eivys
m	Eladas
m	Eladijus
m	Elas
m	Elenas
m	Elfridas
m	Elgirdas
m	Elidas
m	Elidijus
m	Eligas
m	Eligijus
m	Eligis
m	Eligius
m	Elijas
m	Elijus
m	Elimanas
m	Elimantas
m	Elis
m	Elius
m	Eliziejus
m	Elmanas
m	Elmantas
m	Elmaras
m	Elmas
m	Elminas
m	Elmis
m	Elnaras
m	Elnoras
m	Elonas
m	Elvidas
m	Elvinas
m	Elvis
m	Elvyras
m	Elvys
m	Emanuelis
m	Emas
m	Emerikas
m	Emilas
m	Emilijonas
m	Emilijus
m	Emilis
m	Emilius
m	Emis
m	Enėjas
m	Engelbertas
m	Enrikas
m	Enris
m	Epifanas
m	Epifanijus
m	Erastas
m	Erazmas
m	Erdas
m	Erdenis
m	Erdis
m	Erdmanas
m	Erdmantas
m	Erdvilas
m	Erdvilis
m	Erdvilius
m	Erdvinas
m	Erhardas
m	Erikas
m	Erlandas
m	Ermantas
m	Erminas
m	Ermindas
m	Ermintas
m	Ernandas
m	Ernas
m	Ernestas
m	Ernestinas
m	Ernis
m	Ernius
m	Ertmonas
m	Ervaidas
m	Ervaldas
m	Ervidas
m	Erviltas
m	Ervinas
m	Ervis
m	Esmeraldas
m	Estelas
m	Esteras
m	Etmonas
m	Eugenas
m	Eugenijus
m	Eugenius
m	Eustachas
m	Eustachijus
m	Eustazijus
m	Euzebijus
m	Evaldas
m	Evaldis
m	Evaristas
m	Evas
m	Evelinas
m	Everistas
f	Eda
f	Edgara
f	Edita
f	Editė
f	Edma
f	Edmunda
f	Edmundė
f	Eduarda
f	Edvarda
f	Edvina
f	Efrema
f	Egida
f	Egidė
f	Egidija
f	Egila
f	Egilė
f	Eglė
f	Eibartė
f	Eida
f	Eidė
f	Eidenė
f	Eidimantė
f	Eidimtė
f	Eidivalda
f	Eidmantė
f	Eidmina
f	Eidvida
f	Eidvila
f	Eidvilė
f	Eidvina
f	Eigaudė
f	Eigilė
f	Eiginta
f	Eigintė
f	Eigirdė
f	Eigmantė
f	Eigmina
f	Eigvilė
f	Eikvilė
f	Eima
f	Eimanta
f	Eimantė
f	Eimė
f	Eimilė
f	Eimina
f	Eiminta
f	Einara
f	Einė
f	Einora
f	Eira
f	Eirima
f	Eirimė
f	Eiskantė
f	Eismantė
f	Eismina
f	Eisra
f	Eisvaldė
f	Eisvė
f	Eisvilė
f	Eisvina
f	Eisvyda
f	Eisvydė
f	Eita
f	Eitara
f	Eitarė
f	Eitautė
f	Eitmantė
f	Eitmilė
f	Eitvidė
f	Eitvilė
f	Eitviltė
f	Eitvyda
f	Eitvydė
f	Eiva
f	Eivė
f	Eivida
f	Eivilė
f	Eiviltė
f	Eivina
f	Eivyda
f	Eivydė
f	Ela
f	Elada
f	Elė
f	Elektra
f	Elena
f	Eleonora
f	Elfrida
f	Elfridė
f	Elga
f	Elgė
f	Elgina
f	Elgira
f	Elida
f	Elidija
f	Eliga
f	Eligija
f	Elija
f	Elinora
f	Eliza
f	Elma
f	Elmanta
f	Elmantė
f	Elmė
f	Elmina
f	Elminta
f	Elmyra
f	Elnara
f	Elnora
f	Elona
f	Elva
f	Elvida
f	Elvina
f	Elvyra
f	Elza
f	Elžbieta
f	Elzbieta
f	Elžbietė
f	Elzė
f	Ema
f	Emanuela
f	Emanuelė
f	Emerencija
f	Emerita
f	Emila
f	Emilė
f	Emiliana
f	Emilija
f	Emilijona
f	Enrika
f	Epifana
f	Epifanija
f	Era
f	Erda
f	Erdenė
f	Erdmė
f	Erdvė
f	Erdvilė
f	Erika
f	Erlanda
f	Erlandė
f	Erma
f	Ermanta
f	Ermantė
f	Ermina
f	Erminda
f	Erminė
f	Erminta
f	Erna
f	Ernanda
f	Ernesta
f	Ernestė
f	Ernestina
f	Ernestinė
f	Erta
f	Ertmė
f	Ervida
f	Erviltė
f	Ervina
f	Esmeralda
f	Estela
f	Estelė
f	Estera
f	Esterė
f	Estrėja
f	Etela
f	Etmė
f	Eufemija
f	Eufrazija
f	Eufrozina
f	Eugenė
f	Eugenija
f	Eulalija
f	Eunikė
f	Eutropija
f	Eva
f	Evalda
f	Evaldė
f	Evarista
f	Evelina
m	Fabianas
m	Fabijonas
m	Fabijus
m	Faustas
m	Faustinas
m	Felicijonas
m	Felicijus
m	Feliksas
m	Felius
m	Ferdinandas
m	Fernandas
m	Fidas
m	Fidelis
m	Fidelius
m	Filemonas
m	Filibertas
m	Flavijus
m	Florentas
m	Florentinas
m	Florianas
m	Florijonas
m	Florindas
m	Fortūnas
m	Fortūnatas
m	Fredas
m	Fredis
m	Fridas
m	Fridis
m	Fridrichas
m	Fridrikas
m	Fulgentas
m	Fulgis
f	Fabiana
f	Fabija
f	Fabijona
f	Fabijonė
f	Fatima
f	Fatma
f	Fausta
f	Faustė
f	Faustina
f	Febrona
f	Febronija
f	Fela
f	Felė
f	Felicija
f	Felicijona
f	Felicita
f	Felicitė
f	Feliksa
f	Feliksė
f	Felina
f	Fema
f	Ferdinanda
f	Fernanda
f	Fida
f	Fidelė
f	Fidelija
f	Filė
f	Filomena
f	Filotėja
f	Firmina
f	Flavija
f	Flora
f	Florencija
f	Florentina
f	Floriana
f	Florida
f	Florija
f	Florijona
f	Florinda
f	Fortūna
f	Fortūnata
f	Freda
f	Frida
f	Friderika
f	Fridrika
f	Fulgenta
m	Gabrielis
m	Gabrielius
m	Gabrys
m	Gailimantas
m	Gailintas
m	Gailis
m	Gailius
m	Gaimantas
m	Gaivaldas
m	Gaivilas
m	Gaivis
m	Galaktijonas
m	Galigintas
m	Galius
m	Galmantas
m	Galminas
m	Galvirdas
m	Galvydas
m	Gandis
m	Gantas
m	Gantautas
m	Gasparas
m	Gaudas
m	Gaudenis
m	Gaudentas
m	Gaudminas
m	Gaudrimas
m	Gaudrius
m	Gaudvidas
m	Gaudvilas
m	Gaudvinas
m	Gaudvydas
m	Gedartas
m	Gedas
m	Gedautas
m	Gedeonas
m	Gedgaudas
m	Gediminas
m	Gedmantas
m	Gedmas
m	Gedminas
m	Gedmintas
m	Gedrimas
m	Gedrius
m	Gedvaldas
m	Gedvardas
m	Gedvidas
m	Gedvilas
m	Gedvilis
m	Gedvinas
m	Gedvydas
m	Gegužis
m	Geidas
m	Geidvydas
m	Geimantas
m	Geiminas
m	Geismantas
m	Geistautas
m	Geistys
m	Geisvydas
m	Geitautas
m	Geitvydas
m	Geividas
m	Geivydas
m	Gelas
m	Gelgaudas
m	Gelmantas
m	Gelminas
m	Gelmis
m	Gelmius
m	Gelmys
m	Gelvinas
m	Geminas
m	Genadas
m	Genadijus
m	Genardas
m	Genas
m	Gendras
m	Gendriminas
m	Gendrius
m	Gendvilas
m	Gendvilis
m	Gendvydas
m	Genis
m	Genius
m	Genovaitis
m	Genys
m	Geraldas
m	Gerardas
m	Geras
m	Gerasimas
m	Gerdas
m	Gerdis
m	Gerimantas
m	Gerius
m	Germantas
m	Germilis
m	Germinas
m	Germintas
m	Gertaras
m	Gertas
m	Gertautas
m	Gertis
m	Gertrūdas
m	Gertvydas
m	Gervaldas
m	Gervazas
m	Gervidas
m	Gervydas
m	Gestautas
m	Getautas
m	Gidas
m	Giedras
m	Giedris
m	Giedrius
m	Giedrys
m	Gilbertas
m	Gildas
m	Gilius
m	Gilmantas
m	Gilmintas
m	Gilvinas
m	Gilvydas
m	Gimas
m	Gimbutas
m	Ginas
m	Gindas
m	Giniotas
m	Ginius
m	Gintaras
m	Gintaris
m	Gintarius
m	Gintas
m	Gintautas
m	Gintenis
m	Gintis
m	Gintvidas
m	Gintvilas
m	Gintvilis
m	Gintvydas
m	Ginvilis
m	Ginvydas
m	Girdas
m	Girdenis
m	Girdvaldas
m	Girdvilas
m	Girdvydas
m	Girimantas
m	Giris
m	Girius
m	Girmantas
m	Girmintas
m	Girstautas
m	Girstis
m	Girtautas
m	Girvidas
m	Girvinas
m	Girvydas
m	Giržadas
m	Gydas
m	Gytas
m	Gytautas
m	Gytenis
m	Gytis
m	Godas
m	Gojus
m	Gomantas
m	Gotaras
m	Gotardas
m	Gotautas
m	Gotfridas
m	Gotis
m	Gracas
m	Gracijonas
m	Gracijus
m	Gracis
m	Gracius
m	Gratas
m	Gražvidas
m	Gražvilas
m	Gražvilis
m	Gražvydas
m	Gražvydis
m	Gretas
m	Grigalius
m	Grigas
m	Grintautas
m	Grinvidas
m	Grinvydas
m	Grožvydas
m	Gruodis
m	Gunaras
m	Gundas
m	Gunteris
m	Guodas
m	Gustas
m	Gustautas
m	Gustavas
m	Gustinas
m	Gustis
m	Gutautas
m	Gvidas
m	Gvidonas
f	Gabė
f	Gabėta
f	Gabija
f	Gabrė
f	Gabriela
f	Gabrielė
f	Gaida
f	Gaila
f	Gailė
f	Gailenė
f	Gailimantė
f	Gailinta
f	Gaiva
f	Gaivė
f	Gaivilė
f	Gaivina
f	Gaja
f	Galatėja
f	Galinda
f	Ganda
f	Gandė
f	Gantautė
f	Gantė
f	Garsė
f	Gauda
f	Gaudė
f	Gaudencija
f	Gaudenė
f	Gaudenta
f	Gaudilė
f	Gaudimantė
f	Gaudrė
f	Gaudrimė
f	Gaudvilė
f	Gaudvydė
f	Gausantė
f	Geda
f	Gedilė
f	Gedimina
f	Gediminė
f	Gedma
f	Gedmantė
f	Gedmilė
f	Gedmina
f	Gedminė
f	Gedmintė
f	Gedra
f	Gedrė
f	Gedrima
f	Gedrimė
f	Gedvida
f	Gedvila
f	Gedvilė
f	Gedvina
f	Gedvinė
f	Gedvyda
f	Gedvydė
f	Gedvyga
f	Gegutė
f	Geida
f	Geidė
f	Geidvilė
f	Geimina
f	Geismantė
f	Geistarė
f	Geistautė
f	Geistė
f	Geisva
f	Geisvilė
f	Geisvina
f	Geitautė
f	Geitvilė
f	Gela
f	Gėla
f	Gėlė
f	Gelė
f	Gėliūnė
f	Gelma
f	Gelmantė
f	Gelmė
f	Gelmina
f	Gelminė
f	Gema
f	Gemina
f	Gena
f	Genadė
f	Genadija
f	Gendra
f	Gendrė
f	Gendvilė
f	Genė
f	Genovaita
f	Genovaitė
f	Gera
f	Geralda
f	Gerarda
f	Gerda
f	Gerimanta
f	Gerimantė
f	Gerlinda
f	Germa
f	Germanta
f	Germantė
f	Germilė
f	Germina
f	Germinta
f	Gerta
f	Gertautė
f	Gertė
f	Gertrūda
f	Gervilė
f	Gesmantė
f	Gesta
f	Gestautė
f	Geta
f	Getautė
f	Gida
f	Giedra
f	Giedrė
f	Giedrūna
f	Giedrūnė
f	Gila
f	Gilanda
f	Gilberta
f	Gilda
f	Gildė
f	Gilė
f	Giligeda
f	Giligina
f	Gilija
f	Gilma
f	Gilmantė
f	Gilmė
f	Gilmina
f	Gilminta
f	Gilmintė
f	Gilvida
f	Gilvilė
f	Gilvina
f	Gilvyda
f	Gilvydė
f	Gina
f	Ginda
f	Gindvilė
f	Ginta
f	Gintara
f	Gintarė
f	Gintauta
f	Gintautė
f	Gintė
f	Gintenė
f	Gintilė
f	Gintvilė
f	Gintvydė
f	Ginvilė
f	Ginvyda
f	Ginvydė
f	Girda
f	Girdenė
f	Girdvilė
f	Girdvydė
f	Girma
f	Girmanta
f	Girmantė
f	Girmintė
f	Girstautė
f	Girstė
f	Girstenė
f	Girtautė
f	Gita
f	Gyta
f	Gytautė
f	Gytė
f	Gluosnė
f	Goda
f	Godė
f	Goja
f	Gorislava
f	Gota
f	Gotautė
f	Gotė
f	Graciana
f	Gracija
f	Gracijona
f	Gradislava
f	Grasė
f	Grasilda
f	Grasildė
f	Grata
f	Gražbylė
f	Gražina
f	Gražmintė
f	Gražvida
f	Gražvidė
f	Gražvilė
f	Gražvyda
f	Gražvydė
f	Greta
f	Grėta
f	Grėtė
f	Gretė
f	Grina
f	Grinė
f	Grožvyda
f	Gryta
f	Grytė
f	Gudrė
f	Gunda
f	Gundė
f	Guoba
f	Guoda
f	Guosta
f	Guostė
f	Gusta
f	Gustautė
f	Gustava
f	Gustė
f	Gustina
f	Gvida
f	Gvidė
f	Gvidonė
m	Hansas
m	Haraldas
m	Haris
m	Harius
m	Haroldas
m	Hektoras
m	Heliodoras
m	Helius
m	Helmutas
m	Henrikas
m	Henris
m	Heraklis
m	Herbertas
m	Herkus
m	Hermanas
m	Hermas
m	Hermenegildas
m	Hermis
m	Hiacintas
m	Higinas
m	Hilaras
m	Hilarijus
m	Hilaris
m	Hiliaras
m	Hiliarijus
m	Hiliarius
m	Honoratas
m	Horstas
m	Hubertas
m	Humbertas
f	Harolda
f	Hela
f	Helė
f	Helga
f	Heliodora
f	Henrieta
f	Henrika
f	Herberta
f	Herma
f	Hermenegilda
f	Hiacinta
f	Higina
f	Hila
f	Hilara
f	Hilarija
f	Hilda
f	Hildė
f	Hildegarda
f	Hiliara
f	Honė
f	Honorata
f	Hortenzija
f	Huberta
m	Idas
m	Ignacas
m	Ignacijus
m	Ignacius
m	Ignas
m	Ignis
m	Ignius
m	Ignotas
m	Ildas
m	Ildefonsas
m	Ilmis
m	Ilonas
m	Imanas
m	Imantas
m	Iminas
m	Inas
m	Indrajas
m	Indras
m	Indrius
m	Ingas
m	Ingis
m	Ingridas
m	Ingvaras
m	Inis
m	Inocentas
m	Intas
m	Ipolitas
m	Irenas
m	Irenėjas
m	Irenėjus
m	Ireniejus
m	Irenius
m	Irgintas
m	Irimantas
m	Irius
m	Irmantas
m	Irmas
m	Irminas
m	Irtas
m	Irtautas
m	Irvidas
m	Irvis
m	Irvydas
m	Ivanas
m	Ivas
m	Ivonas
m	Izaokas
m	Izidoras
m	Izidoris
m	Izidorius
m	Izmaelis
m	Izoldas
m	Izraelis
f	Ida
f	Idalija
f	Ieva
f	Ifigenija
f	Iglesija
f	Igna
f	Ignė
f	Ilda
f	Iliumina
f	Iliuminata
f	Ilma
f	Ilmė
f	Ilmena
f	Ilona
f	Ilza
f	Ilzė
f	Ima
f	Imantė
f	Imina
f	Ina
f	Indra
f	Indraja
f	Indrė
f	Inė
f	Inesa
f	Inesė
f	Ineza
f	Inga
f	Ingė
f	Ingeborga
f	Ingrida
f	Inocenta
f	Inta
f	Ipolita
f	Ira
f	Irena
f	Irina
f	Irenė
f	Irgina
f	Irginta
f	Irma
f	Irmanta
f	Irmantė
f	Irmgarda
f	Irmgardė
f	Irmina
f	Irminta
f	Irta
f	Irtautė
f	Irtė
f	Irvyda
f	Irvydė
f	Isabela
f	Isabelė
f	Ismena
f	Iva
f	Iveta
f	Ivona
f	Ivonė
f	Iza
f	Izabelė
f	Izidora
f	Izolda
m	Jacintas
m	Jackus
m	Jadvygas
m	Jakimas
m	Janas
m	Janis
m	Janius
m	Januaras
m	Januarijus
m	Januaris
m	Januarius
m	Janys
m	Jaras
m	Jaris
m	Jaroslav
m	Jaroslavas
m	Jasonas
m	Jaugirdas
m	Jaukantas
m	Jaunis
m	Jaunius
m	Jaunuolis
m	Jaurimas
m	Jautrius
m	Jėgas
m	Jeronimas
m	Jėzus
m	Joakimas
m	Joanas
m	Joanis
m	Joelis
m	Jogaila
m	Jogantas
m	Jogaudas
m	Jogilas
m	Jogimantas
m	Jogintas
m	Jogirdas
m	Jogminas
m	Jogundas
m	Jokimas
m	Jokintas
m	Jokūbas
m	Jolantas
m	Jomantas
m	Jomilas
m	Jomilis
m	Jonas
m	Jonatanas
m	Jonis
m	Jonius
m	Jordanas
m	Jorigis
m	Jorimas
m	Joris
m	Jorius
m	Jorūnas
m	Jostautas
m	Josvaldas
m	Josvydas
m	Jotautas
m	Jotvilas
m	Jotvingas
m	Jotvis
m	Jotvydas
m	Jovaidas
m	Jovaldas
m	Jovaras
m	Jovas
m	Jovidas
m	Jovilas
m	Joviltas
m	Jovinas
m	Jovirdas
m	Jovis
m	Jovitas
m	Jovydas
m	Judris
m	Judrius
m	Julas
m	Julianas
m	Julijonas
m	Julijus
m	Julis
m	Julius
m	Julys
m	Juozapas
m	Juozapatas
m	Juozas
m	Juozis
m	Jūras
m	Juras
m	Jurgis
m	Jurgys
m	Jūris
m	Jūrius
m	Justas
m	Justinas
m	Justis
m	Juvenalis
m	Juvencijus
m	Juventas
m	Juventinas
m	Juzefas
m	Juzis
f	Jacinta
f	Jadvyga
f	Jadzė
f	Jana
f	Janė
f	Janina
f	Janislava
f	Januarija
f	Jara
f	Jaroslava
f	Jaunė
f	Jausmė
f	Jaustė
f	Jautra
f	Jautrė
f	Jeronima
f	Jieva
f	Joana
f	Joanė
f	Joelė
f	Jogailė
f	Jogilė
f	Jogina
f	Joginta
f	Jogintė
f	Jogunda
f	Jogundė
f	Jogvilė
f	Jokūba
f	Jola
f	Jolanta
f	Jolantė
f	Jolė
f	Joleta
f	Jolita
f	Jomantė
f	Jomilė
f	Jona
f	Jonė
f	Jonyta
f	Jordana
f	Jorė
f	Jorigė
f	Jorilė
f	Jorūnė
f	Joskaudė
f	Jostautė
f	Jota
f	Jotautė
f	Jotvilė
f	Jotvingė
f	Jovaida
f	Jovaidė
f	Jovida
f	Jovidė
f	Jovilė
f	Joviltė
f	Jovirda
f	Jovita
f	Jovyda
f	Jovydė
f	Judita
f	Judra
f	Judrė
f	Jula
f	Julė
f	Juliana
f	Julija
f	Julijona
f	Julijonė
f	Julita
f	Jundilė
f	Juntautė
f	Juozapa
f	Juozapata
f	Juozapė
f	Juozapina
f	Juozapota
f	Juozė
f	Jūra
f	Jura
f	Jūratė
f	Jūrė
f	Jurga
f	Jurgė
f	Jurgina
f	Jurgita
f	Justa
f	Justė
f	Justina
f	Justinė
f	Juta
f	Juva
f	Juvė
f	Juvencija
f	Juventa
f	Juventina
f	Juza
f	Juzė
f	Juzefa
m	Kajetonas
m	Kajus
m	Kalebas
m	Kalikstas
m	Kalistas
m	Kalmantas
m	Kalmintas
m	Kalnius
m	Kamilas
m	Kamilis
m	Kamilius
m	Kantas
m	Kantautas
m	Kantrimas
m	Kantvilas
m	Kantvydas
m	Karalius
m	Kaributas
m	Karigaila
m	Karijotas
m	Karlas
m	Karlis
m	Karolinas
m	Karolis
m	Karolius
m	Karpas
m	Kasijus
m	Kasparas
m	Kastantas
m	Kastas
m	Kastautas
m	Kastis
m	Kaunis
m	Kazimieras
m	Kazis
m	Kazys
m	Kentas
m	Kergaila
m	Kermantas
m	Kernas
m	Kernis
m	Kernius
m	Kęstas
m	Kęstautas
m	Kęstis
m	Kęstutis
m	Kevinas
m	Kilianas
m	Kintas
m	Kintautas
m	Kintenis
m	Kipras
m	Kiprianas
m	Kiprijonas
m	Kiras
m	Kirilas
m	Kymantas
m	Klaudas
m	Klaudijus
m	Klausas
m	Klemas
m	Klemensas
m	Klementas
m	Klementinas
m	Kleopas
m	Kletas
m	Klevas
m	Konradas
m	Konstantas
m	Konstantinas
m	Konstantis
m	Kornelijus
m	Kornelis
m	Kornelius
m	Kostas
m	Kovaldas
m	Kovas
m	Kozmas
m	Krescencijus
m	Krescentas
m	Kristas
m	Kristianas
m	Kristijonas
m	Kristinas
m	Kristis
m	Kristoforas
m	Kristupas
m	Krizantas
m	Krizostomas
m	Ksaveras
m	Kunotas
m	Kurtas
m	Kvintas
m	Kvirinas
f	Kaja
f	Kaliksta
f	Kalista
f	Kamila
f	Kamilė
f	Kantautė
f	Kantminė
f	Kantvilė
f	Kapitolina
f	Karigailė
f	Karina
f	Karla
f	Karmela
f	Karmena
f	Karolė
f	Karolina
f	Kasandra
f	Kasija
f	Kasta
f	Kastancija
f	Kastė
f	Katarina
f	Katrė
f	Katryna
f	Katrynė
f	Kazė
f	Kazimiera
f	Kertautė
f	Kęsgailė
f	Kęsmina
f	Kęsminta
f	Kęsta
f	Kęstė
f	Kęstgailė
f	Kilminta
f	Kilna
f	Kilnė
f	Kinga
f	Kinta
f	Kintautė
f	Kintė
f	Kintvilė
f	Kira
f	Kirgailė
f	Kirilė
f	Klara
f	Klaudė
f	Klaudija
f	Klema
f	Klemencija
f	Klemensa
f	Klementina
f	Kleopa
f	Kleopatra
f	Kleopė
f	Kleta
f	Kleva
f	Klotilda
f	Koleta
f	Konkordija
f	Konrada
f	Konstancija
f	Konstanta
f	Konstantina
f	Konsuela
f	Kornela
f	Kornelė
f	Kornelija
f	Kosta
f	Kostė
f	Kotrė
f	Kotryna
f	Koviltė
f	Krescencija
f	Krista
f	Kristė
f	Kristiana
f	Kristijona
f	Kristijonė
f	Kristina
f	Kristinė
f	Kristupa
f	Ksavera
f	Ksaverija
f	Kunigunda
f	Kvirina
m	Ladas
m	Ladis
m	Laimantas
m	Laimontas
m	Laimas
m	Laimintas
m	Laimis
m	Laimius
m	Laimus
m	Laisvidas
m	Laisvis
m	Laisvius
m	Laisvūnas
m	Laisvydas
m	Lauksminas
m	Lauksvydas
m	Lauras
m	Laurentas
m	Laurentinas
m	Lauris
m	Laurius
m	Laurynas
m	Lazaras
m	Lazaris
m	Lazarius
m	Leandras
m	Leinartas
m	Lėjus
m	Lenardas
m	Lenas
m	Lengvinas
m	Lenis
m	Lenius
m	Leokadijus
m	Leonard
m	Leonardas
m	Leonas
m	Leoncijus
m	Leonidas
m	Leonijus
m	Leonius
m	Leonoras
m	Leontinas
m	Leopas
m	Leopoldas
m	Letas
m	Levas
m	Levis
m	Liaudginas
m	Liaugaudas
m	Libertas
m	Lidijus
m	Ligitas
m	Linas
m	Lingailas
m	Lingaudas
m	Linius
m	Linvidas
m	Linvydas
m	Lionas
m	Lionginas
m	Lionis
m	Lionius
m	Liubartas
m	Liubomiras
m	Liucianas
m	Liucijonas
m	Liucijus
m	Liucius
m	Liudas
m	Liudgaras
m	Liudgardas
m	Liudgeras
m	Liudgeris
m	Liudomiras
m	Liudvas
m	Liudvikas
m	Liudvinas
m	Liutas
m	Liūtas
m	Liutauras
m	Liutavaras
m	Liutgardas
m	Livijus
m	Livius
m	Lybartas
m	Lygaudas
m	Lygedas
m	Lygmantas
m	Lymantas
m	Lynartas
m	Lynas
m	Lokys
m	Longinas
m	Lucianas
m	Lucijonas
m	Lucijus
m	Lucius
m	Lukas
m	Lukošius
m	Lukrecijus
f	Ladė
f	Laiginta
f	Laigirda
f	Laima
f	Laimantė
f	Laimė
f	Laiminta
f	Laisva
f	Laisvė
f	Laisvida
f	Laisvina
f	Laisvūnė
f	Laisvyda
f	Laisvydė
f	Lala
f	Lalė
f	Lamberta
f	Larisa
f	Lauksmė
f	Lauksmina
f	Lauksminė
f	Lauma
f	Laura
f	Laurena
f	Laurencija
f	Laurentina
f	Lauryna
f	Laurynė
f	Leandra
f	Lėja
f	Lelija
f	Lena
f	Lėnė
f	Lenė
f	Leokadija
f	Leona
f	Leonarda
f	Leonardė
f	Leoncija
f	Leonė
f	Leonida
f	Leonija
f	Leonila
f	Leonilė
f	Leonora
f	Leontina
f	Leopolda
f	Leta
f	Letė
f	Leticija
f	Leva
f	Liauda
f	Liba
f	Libė
f	Liberata
f	Liberta
f	Libertė
f	Lida
f	Lidė
f	Lidija
f	Liepa
f	Liepsna
f	Lijana
f	Lila
f	Lilė
f	Lilija
f	Lilijana
f	Lina
f	Linda
f	Lindė
f	Linė
f	Lingailė
f	Lingina
f	Linvida
f	Linvyda
f	Liona
f	Lionė
f	Liongina
f	Liubarta
f	Liubomira
f	Liucė
f	Liuciana
f	Liucija
f	Liucilė
f	Liucina
f	Liuda
f	Liudė
f	Liudgarda
f	Liudgera
f	Liudmila
f	Liudomila
f	Liudomira
f	Liudvė
f	Liudvika
f	Liudvina
f	Liūnė
f	Liutaura
f	Liutaurė
f	Liutgarda
f	Liva
f	Liveta
f	Livija
f	Liza
f	Lizė
f	Lyga
f	Lygaudė
f	Lyma
f	Lymantė
f	Lola
f	Lolita
f	Lona
f	Longina
f	Lora
f	Loreta
f	Lucė
f	Luciana
f	Lucija
f	Luiza
f	Luizė
f	Luka
f	Luknė
f	Lukrecija
m	Magnas
m	Mainotas
m	Majus
m	Makarijus
m	Maksas
m	Maksimas
m	Maksimilianas
m	Maksimilijonas
m	Malvinas
m	Mamertas
m	Mančius
m	Mandas
m	Manfredas
m	Mangaudas
m	Mangirdas
m	Manigirdas
m	Manis
m	Manius
m	Mantas
m	Mantautas
m	Mantgirdas
m	Mantis
m	Mantrimas
m	Mantrius
m	Mantvidas
m	Mantvilas
m	Mantvinas
m	Mantvydas
m	Manuelis
m	Manvidas
m	Manvilis
m	Manvydas
m	Manys
m	Marcelijus
m	Marcelinas
m	Marcelis
m	Marcelius
m	Marcijonas
m	Marcis
m	Marčius
m	Marcius
m	Margiris
m	Marianas
m	Marijonas
m	Marijus
m	Marinas
m	Maris
m	Marius
m	Martas
m	Martis
m	Martynas
m	Mąstautas
m	Matas
m	Matis
m	Mauras
m	Mauricijus
m	Maurikijus
m	Mažrimas
m	Mažvydas
m	Mečas
m	Mečis
m	Mečislavas
m	Mečislovas
m	Mečius
m	Mečys
m	Medardas
m	Medas
m	Medgardas
m	Meilius
m	Melanijus
m	Melas
m	Meldas
m	Mėnulis
m	Merkelis
m	Merkurijus
m	Merkys
m	Mertas
m	Merūnas
m	Metas
m	Metodas
m	Metodijus
m	Miglas
m	Miglius
m	Miglovaras
m	Mikalojus
m	Michal
m	Mikas
m	Milas
m	Mildaras
m	Mildas
m	Milgaudas
m	Milgedas
m	Milgeidas
m	Milgintas
m	Milgirdas
m	Milius
m	Milivydas
m	Milvaldas
m	Milvidas
m	Milvinas
m	Milvydas
m	Minalgas
m	Minas
m	Mindaugas
m	Mindvidas
m	Mingaila
m	Mingailas
m	Mingailis
m	Mingardas
m	Mingas
m	Mingaudas
m	Mingindas
m	Mingintas
m	Mingirdas
m	Minijus
m	Minius
m	Mintaras
m	Mintartas
m	Mintas
m	Mintautas
m	Mintvydas
m	Minvaldas
m	Minvidas
m	Minvilas
m	Minvydas
m	Mirandas
m	Mykolas
m	Modestas
m	Monikas
m	Monius
m	Montanas
m	Morenas
m	Morkus
m	Motiejus
m	Mozė
f	Magda
f	Magdalena
f	Magdė
f	Magdelena
f	Magė
f	Magryta
f	Maja
f	Makrina
f	Malė
f	Malina
f	Malvina
f	Mamerta
f	Mamertina
f	Manė
f	Manfreda
f	Mangirda
f	Manigirda
f	Manta
f	Mantautė
f	Mantė
f	Mantgirda
f	Mantigailė
f	Mantilė
f	Mantmilė
f	Mantvilė
f	Mantvyda
f	Mantvydė
f	Manuela
f	Manuelė
f	Manvida
f	Manvydė
f	Mara
f	Marcė
f	Marcela
f	Marcelė
f	Marcelija
f	Marcelina
f	Marciana
f	Marcijona
f	Marė
f	Margarita
f	Mariana
f	Marija
f	Marijona
f	Marijonė
f	Marilė
f	Marina
f	Marinė
f	Marlena
f	Marta
f	Martyna
f	Martynė
f	Marytė
f	Matilda
f	Matildė
f	Matrona
f	Maura
f	Mažvilė
f	Mažvyda
f	Mažvydė
f	Mečislava
f	Mečislova
f	Meda
f	Medarda
f	Medeina
f	Medeinė
f	Medvilė
f	Meilė
f	Mela
f	Melana
f	Melanė
f	Melanija
f	Melda
f	Melė
f	Melisa
f	Melita
f	Mėnulė
f	Mersedesa
f	Merta
f	Merūnė
f	Mėta
f	Meta
f	Metodija
f	Michalina
f	Migdė
f	Migla
f	Miglė
f	Mika
f	Mikalina
f	Mikė
f	Mikolė
f	Mila
f	Milagra
f	Milda
f	Milė
f	Milgaudė
f	Milgeda
f	Milgeida
f	Milgeidė
f	Milginta
f	Milgintė
f	Milmantė
f	Milnora
f	Miloslava
f	Milva
f	Milvida
f	Milvinė
f	Milvyda
f	Milvydė
f	Mina
f	Minalga
f	Minda
f	Mindaugė
f	Mindora
f	Mindvilė
f	Mindvydė
f	Minė
f	Minga
f	Mingaila
f	Mingailė
f	Mingaudė
f	Mingeda
f	Mingintė
f	Minija
f	Mintara
f	Mintarė
f	Mintautė
f	Mintė
f	Mintvida
f	Mintvydė
f	Minvilė
f	Minvyda
f	Minvydė
f	Mira
f	Miranda
f	Mirėja
f	Mirga
f	Miroslava
f	Mirta
f	Mykolė
f	Myra
f	Modė
f	Modesta
f	Modestė
f	Mona
f	Monė
f	Monika
f	Morena
f	Morta
f	Mudrė
m	Naglis
m	Naglius
m	Nandas
m	Napalis
m	Napalius
m	Napalys
m	Napoleonas
m	Napolis
m	Naras
m	Narcizas
m	Narcyzas
m	Nardas
m	Nardis
m	Narimanas
m	Narimantas
m	Naris
m	Narius
m	Narmantas
m	Narminas
m	Nartautas
m	Narvidas
m	Narvydas
m	Natalijus
m	Natalis
m	Natalius
m	Natanas
m	Natanielis
m	Natanielius
m	Natas
m	Naubartas
m	Naugirdas
m	Naumantas
m	Naumas
m	Nauras
m	Naurimantas
m	Naurimas
m	Naurimtas
m	Nauris
m	Naurius
m	Nautartas
m	Nazaras
m	Neimanas
m	Neimantas
m	Neimedas
m	Neitaras
m	Neivaldas
m	Neivydas
m	Neivydis
m	Nelas
m	Nelis
m	Nelius
m	Nemezijus
m	Nemunas
m	Nendris
m	Nerdas
m	Nerdingas
m	Nerėjus
m	Nergintas
m	Nerijas
m	Nerijus
m	Nerimantas
m	Nerimas
m	Neringas
m	Neringis
m	Neris
m	Nerius
m	Nermedas
m	Nervydas
m	Nestoras
m	Nicetas
m	Nidas
m	Nikandras
m	Nikas
m	Nikazijus
m	Nikiforas
m	Nikodemas
m	Nirgindas
m	Nirmantas
m	Nirtautas
m	Nykantas
m	Nobertas
m	Nodaras
m	Nodaris
m	Nodas
m	Nojus
m	Nomantas
m	Nomedas
m	Nonis
m	Noras
m	Norbertas
m	Norgailas
m	Norgaudas
m	Norgedas
m	Norgindas
m	Norgintas
m	Norgis
m	Norimantas
m	Noris
m	Norius
m	Normanas
m	Normantas
m	Normilas
m	Normintas
m	Nortas
m	Nortautas
m	Norvaidas
m	Norvaldas
m	Norvidas
m	Norvilas
m	Norvydas
m	Novaldas
m	Novilas
m	Novydas
m	Nutautas
f	Nada
f	Nadė
f	Nadruvė
f	Naktis
f	Napoleona
f	Nara
f	Narbutė
f	Narcė
f	Narciza
f	Narcyza
f	Narda
f	Nargilė
f	Narimana
f	Narimanta
f	Narimantė
f	Narmantė
f	Narmina
f	Narminta
f	Nartė
f	Narvyda
f	Nasta
f	Nastazė
f	Nastazija
f	Nastė
f	Nata
f	Natalė
f	Natalija
f	Natanielė
f	Natė
f	Naumintė
f	Neda
f	Neimantė
f	Neiminta
f	Neitarė
f	Neivyda
f	Neivydė
f	Nela
f	Nelė
f	Nemiga
f	Nemira
f	Nemirseta
f	Nemunė
f	Nendra
f	Nendrė
f	Nera
f	Nerdinga
f	Nerė
f	Nerėja
f	Nerija
f	Nerima
f	Nerimana
f	Nerimanta
f	Nerimantė
f	Neringa
f	Nerita
f	Nermeda
f	Nervilė
f	Nervyda
f	Neužmirštuolė
f	Nida
f	Nijolė
f	Nika
f	Nikandra
f	Nikazija
f	Nikė
f	Nikodema
f	Nila
f	Nilė
f	Nimfa
f	Nina
f	Nira
f	Nirganda
f	Nirmeda
f	Nirmedė
f	Nykantė
f	Noja
f	Nomeda
f	Nomilė
f	Nona
f	Nora
f	Norberta
f	Norgailė
f	Norgilė
f	Normantė
f	Normeda
f	Norminta
f	Nortautė
f	Nortė
f	Norvaida
f	Norvida
f	Norvilė
f	Norvyda
f	Norvydė
f	Novilė
f	Noviltė
m	Odetas
m	Odilijus
m	Oktavijus
m	Olimpijus
m	Olivijus
m	Oras
m	Orestas
m	Orestis
m	Orintas
m	Orius
m	Oskaras
m	Osmundas
m	Osvaldas
m	Otas
m	Otilijus
m	Otonas
m	Otonis
m	Ovidijus
f	Odeta
f	Odetė
f	Odilė
f	Odilija
f	Ofelija
f	Oktaviana
f	Oktavija
f	Olimpa
f	Olimpė
f	Olimpiada
f	Olimpija
f	Oliva
f	Olivija
f	Ona
f	Onė
f	Oresta
f	Orestė
f	Oriana
f	Orinta
f	Oskara
f	Osvalda
f	Osvaldė
f	Otilė
f	Otilija
f	Ovidija
m	Palemonas
m	Palmiras
m	Palmyras
m	Pantaleonas
m	Paramonas
m	Paskalas
m	Paskalis
m	Patricijus
m	Patrikas
m	Patrimpas
m	Patris
m	Paulas
m	Paulinas
m	Paulis
m	Paulius
m	Pavasaris
m	Perkūnas
m	Perkus
m	Perlas
m	Petras
m	Petronijus
m	Pijus
m	Pilėnas
m	Pilypas
m	Placidas
m	Platonas
m	Polikarpas
m	Polinaras
m	Polis
m	Polius
m	Povilas
m	Pragiedrulis
m	Pranas
m	Pranciškas
m	Pranciškus
m	Pranis
m	Primas
m	Prokopijus
m	Prosperas
m	Pulgis
m	Putinas
f	Pajauta
f	Pakalnutė
f	Palma
f	Palmė
f	Palmira
f	Palmyra
f	Paloma
f	Pamela
f	Pasaka
f	Patrė
f	Patricija
f	Patrika
f	Paula
f	Paulė
f	Paulina
f	Pelagėja
f	Pelagija
f	Penelopė
f	Pergalė
f	Petra
f	Petrė
f	Petrona
f	Petronė
f	Petronela
f	Petronėla
f	Petronėlė
f	Petronelė
f	Pija
f	Pilara
f	Placida
f	Polė
f	Polina
f	Povilė
f	Prakseda
f	Prana
f	Pranciška
f	Pranciškė
f	Pranė
f	Preila
f	Prima
f	Priscila
f	Priska
f	Prudencija
f	Pulcherija
f	Pulkerija
f	Pusnė
m	Radas
m	Radikantas
m	Radis
m	Radmilas
m	Radminas
m	Radomiras
m	Radulfas
m	Radvidas
m	Radvila
m	Radvilius
m	Radvis
m	Radvydas
m	Radžius
m	Rafaelis
m	Raigardas
m	Raimas
m	Raimis
m	Raimondas
m	Raimundas
m	Rainoldas
m	Raisas
m	Raivedys
m	Ralfas
m	Ramantas
m	Ramas
m	Ramavydas
m	Ramintas
m	Ramiras
m	Ramis
m	Ramonas
m	Ramunis
m	Ramūnas
m	Ramvydas
m	Rapolas
m	Rasas
m	Rasius
m	Redas
m	Rėdas
m	Redis
m	Regimantas
m	Reginaldas
m	Reginas
m	Regis
m	Reinaldas
m	Relindas
m	Remas
m	Remigas
m	Remigijus
m	Remigis
m	Remis
m	Renaldas
m	Renas
m	Renatas
m	Renis
m	Renius
m	Renys
m	Ričardas
m	Ričas
m	Ričys
m	Rigis
m	Rigobertas
m	Rikantas
m	Rikardas
m	Rikas
m	Rimantas
m	Rimantis
m	Rimas
m	Rimbertas
m	Rimdaugas
m	Rimgaila
m	Rimgas
m	Rimgaudas
m	Rimgirdas
m	Rimkantas
m	Rimtaras
m	Rimtas
m	Rimtautas
m	Rimtenis
m	Rimtis
m	Rimvaldas
m	Rimvidas
m	Rimvydas
m	Rinas
m	Rindaugas
m	Ringardas
m	Ringaudas
m	Ringys
m	Rinius
m	Rintas
m	Rintautas
m	Rinvaldas
m	Rinvydas
m	Rygaudas
m	Rygintas
m	Rygirdas
m	Rykantas
m	Rytas
m	Rytautas
m	Rytis
m	Rytys
m	Robertas
m	Rodrigas
m	Rokas
m	Rolandas
m	Rolas
m	Rolfas
m	Romanas
m	Romas
m	Romis
m	Romualdas
m	Romulas
m	Romulis
m	Rosendas
m	Rosvaldas
m	Rudolfas
m	Rufas
m	Rufinas
m	Rūkas
m	Rupas
m	Rupertas
m	Rusnis
m	Rusnius
m	Rūstis
m	Rūtas
m	Rūtenis
m	Rūtis
f	Rachela
f	Rachelė
f	Rada
f	Radmila
f	Radmilė
f	Radmintė
f	Radomira
f	Radoslava
f	Radvė
f	Radvida
f	Radvila
f	Radvilė
f	Radvinė
f	Radvyda
f	Radvydė
f	Rafaela
f	Rafaelė
f	Raima
f	Raimonda
f	Raimunda
f	Raimundė
f	Rainolda
f	Raisa
f	Raistė
f	Raitvilė
f	Rakelė
f	Rama
f	Ramanta
f	Ramantė
f	Ramė
f	Raminta
f	Ramona
f	Ramonė
f	Ramunė
f	Ramvyda
f	Ramvydė
f	Ramybė
f	Rapolė
f	Rasa
f	Rasė
f	Rasuolė
f	Rasvita
f	Razė
f	Razma
f	Rebeka
f	Rėda
f	Reda
f	Rega
f	Regimanta
f	Regimantė
f	Regina
f	Reinalda
f	Relė
f	Relinda
f	Rema
f	Remedija
f	Remiga
f	Remigija
f	Rena
f	Renalda
f	Renata
f	Renatė
f	Renė
f	Ričarda
f	Rigoberta
f	Rikantė
f	Rikarda
f	Rima
f	Rimanta
f	Rimantė
f	Rimė
f	Rimga
f	Rimgaila
f	Rimgailė
f	Rimgauda
f	Rimgaudė
f	Rimgė
f	Rimgirda
f	Rimta
f	Rimtauta
f	Rimtautė
f	Rimtė
f	Rimvalda
f	Rimvida
f	Rimvilė
f	Rimvyda
f	Rimvydė
f	Ringa
f	Ringaila
f	Ringailė
f	Rinvida
f	Rita
f	Rykantė
f	Rytė
f	Roberta
f	Rodriga
f	Roka
f	Rolanda
f	Roma
f	Romana
f	Romanė
f	Romė
f	Rominta
f	Romualda
f	Romulė
f	Rosa
f	Rosara
f	Rosenda
f	Rosita
f	Rostislava
f	Rosvita
f	Roza
f	Rozalija
f	Rožė
f	Rozina
f	Rozvita
f	Rubė
f	Rudolfa
f	Rufina
f	Rugilė
f	Rusnė
f	Rūsta
f	Rūstė
f	Rūta
f	Rūtilė
m	Sabinas
m	Sakalas
m	Saliamonas
m	Salis
m	Salomonas
m	Salvijus
m	Salvinijus
m	Salvis
m	Salvius
m	Salvys
m	Salys
m	Samsonas
m	Samuelas
m	Samuelis
m	Sandaras
m	Sandis
m	Sandras
m	Sandris
m	Sandrius
m	Sangaudas
m	Sangedas
m	Sanginas
m	Sangirdas
m	Santaras
m	Santautas
m	Santjagas
m	Saturnas
m	Saturninas
m	Sauginas
m	Saugintas
m	Saugirdas
m	Saugis
m	Saulenis
m	Saulius
m	Saumantas
m	Saurimas
m	Savinas
m	Sebastianas
m	Sebastijonas
m	Selemonas
m	Seliamonas
m	Selmas
m	Serafinas
m	Serapinas
m	Sergijus
m	Sergius
m	Sevas
m	Severas
m	Severijus
m	Severinas
m	Sidas
m	Sidonijus
m	Sigas
m	Sigis
m	Sigismundas
m	Sigitas
m	Sigizmundas
m	Sigridas
m	Sigurdas
m	Sikstas
m	Silas
m	Silvanas
m	Silvas
m	Silverijus
m	Silvestras
m	Silvijas
m	Silvijus
m	Silvis
m	Simanas
m	Simas
m	Simeonas
m	Simonas
m	Singaudas
m	Sintaras
m	Sintas
m	Sintautas
m	Sirmantas
m	Sirvydas
m	Sygantas
m	Symantas
m	Skaidras
m	Skaidris
m	Skaidrius
m	Skaistas
m	Skaistis
m	Skalmantas
m	Skalvis
m	Skersvėjis
m	Skirgaila
m	Skirgaudas
m	Skirmantas
m	Skirmas
m	Skirtautas
m	Skomantas
m	Smiltis
m	Smiltys
m	Snaigius
m	Sniegius
m	Sofijus
m	Sokratis
m	Songaila
m	Soteras
m	Soteris
m	Spiridonas
m	Spyglys
m	Stanislavas
m	Stanislovas
m	Stasas
m	Stasis
m	Stasius
m	Stasys
m	Steikintas
m	Steimintas
m	Stepas
m	Steponas
m	Svaidargas
m	Svaigedas
m	Svaigirdas
m	Svetlanas
f	Sabina
f	Sagrarija
f	Salė
f	Saliamonė
f	Salioma
f	Saliomė
f	Saliomėja
f	Salomėja
f	Salva
f	Salvė
f	Salvija
f	Salvinija
f	Samuela
f	Sanda
f	Sandė
f	Sandinga
f	Sandra
f	Sandrė
f	Sandvina
f	Sanga
f	Sangailė
f	Sangeda
f	Sanrimė
f	Santara
f	Santarė
f	Santautė
f	Sara
f	Saturna
f	Saturnina
f	Sauga
f	Saugė
f	Saugirda
f	Saulė
f	Saulena
f	Saulenė
f	Savina
f	Scholastika
f	Scholė
f	Selemona
f	Selemonė
f	Selma
f	Serafima
f	Serafina
f	Serapina
f	Serena
f	Seva
f	Severa
f	Severija
f	Severina
f	Sevilė
f	Sibilė
f	Sida
f	Sidona
f	Sidonė
f	Sidonija
f	Siga
f	Sigismunda
f	Sigita
f	Sigizmunda
f	Sigrida
f	Sila
f	Silva
f	Silvana
f	Silverija
f	Silvestra
f	Silvija
f	Sima
f	Simanė
f	Simeona
f	Simona
f	Simonė
f	Simplicija
f	Sinotė
f	Sinta
f	Sintautė
f	Sintė
f	Sira
f	Sirmantė
f	Sirta
f	Sirtautė
f	Skaida
f	Skaidra
f	Skaidrė
f	Skaista
f	Skaistė
f	Skalmantė
f	Skalvė
f	Skaudvilė
f	Skinija
f	Skirgailė
f	Skirma
f	Skirmanta
f	Skirmantė
f	Skolastika
f	Skolė
f	Skomantė
f	Slava
f	Smilga
f	Smilgė
f	Smiltė
f	Snaigė
f	Sniega
f	Sniegė
f	Sniegena
f	Sniegenė
f	Snieguolė
f	Sofija
f	Solveiga
f	Sotera
f	Stanislava
f	Stanislova
f	Stasė
f	Stefa
f	Stefanija
f	Steigvė
f	Steigvilė
f	Stela
f	Stelė
f	Stepa
f	Stepanija
f	Stepė
f	Steponė
f	Sulamita
f	Svaja
f	Svajonė
f	Svetlana
m	Šaltinis
m	Šarūnas
m	Šerkšnas
m	Šiaurius
m	Šiaurys
m	Šviedrys
m	Švitrigaila
m	Švitris
m	Švitrys
f	Šalna
f	Šalnė
f	Šarūnė
f	Šatrija
f	Šiaurė
f	Šilė
f	Šviesa
f	Šviesė
f	Šviesuolė
f	Švitra
f	Švitrė
f	Švitrigailė
m	Tadas
m	Talis
m	Talius
m	Tamaras
m	Tamošis
m	Tamošius
m	Tanas
m	Tanius
m	Tarimantas
m	Tarvilas
m	Tarvinas
m	Tarvydas
m	Taučius
m	Tauragis
m	Tauras
m	Tauris
m	Taurius
m	Tautas
m	Tautginas
m	Tautgintas
m	Tautgirdas
m	Tautis
m	Tautkantas
m	Tautmilas
m	Tautminas
m	Tautrimas
m	Tautvaidas
m	Tautvaldas
m	Tautvidas
m	Tautvila
m	Tautvilas
m	Tautvilis
m	Tautvilius
m	Tautvis
m	Tautvydas
m	Tedas
m	Tėjas
m	Tėjus
m	Telesforas
m	Teodoras
m	Teodozijus
m	Teofilas
m	Teofilijus
m	Teofilis
m	Teofilius
m	Tiberijus
m	Tidas
m	Tilis
m	Tilius
m	Tilmanas
m	Tilmantas
m	Timas
m	Timonas
m	Timotiejus
m	Tinas
m	Titas
m	Tolmantas
m	Tolminas
m	Tolmintas
m	Tolvaldas
m	Tolvidas
m	Tolvinas
m	Tolvydas
m	Tomas
m	Tomis
m	Tonis
m	Tonius
m	Topilis
m	Traidenis
m	Trifonas
m	Tulgaudas
m	Tulmanas
m	Tulminas
m	Tumas
m	Tvirmantas
f	Tadė
f	Taika
f	Taisa
f	Talė
f	Tama
f	Tamara
f	Tanė
f	Tarvilė
f	Tatjana
f	Taura
f	Taurė
f	Tautė
f	Tautgailė
f	Tautgina
f	Tautginė
f	Tautgintė
f	Tautmilė
f	Tautvalda
f	Tautvaldė
f	Tautvida
f	Tautvilė
f	Tautvyda
f	Tautvydė
f	Tėja
f	Tekla
f	Teklė
f	Telesfora
f	Teodora
f	Teodosija
f	Teodozija
f	Teofilė
f	Teofilija
f	Tera
f	Teresa
f	Teresė
f	Terezija
f	Tesa
f	Tesė
f	Tila
f	Tilda
f	Tildė
f	Tilė
f	Tilmantė
f	Tilvyda
f	Tima
f	Timona
f	Timonė
f	Tina
f	Tita
f	Tolmantė
f	Tolminė
f	Tolvaida
f	Tolvina
f	Tolvyda
f	Tolvydė
f	Toma
f	Tonė
f	Topilė
f	Tulė
m	Ūdrys
m	Ugnius
m	Ūkas
m	Ulrikas
m	Uosis
m	Urbonas
f	Ugnė
f	Ugnis
f	Ūka
f	Ūkana
f	Ūla
f	Ula
f	Ulė
f	Uliana
f	Ulijona
f	Ulrika
f	Ulrikė
f	Una
f	Unda
f	Undina
f	Undinė
f	Unė
f	Uogė
f	Upė
f	Upyna
f	Urša
f	Uršė
f	Ursina
f	Uršula
f	Uršulė
f	Uršulina
f	Urtė
m	Vacas
m	Vacis
m	Vacius
m	Vaclas
m	Vaclav
m	Vaclavas
m	Vaclovas
m	Vacys
m	Vaidaras
m	Vaidas
m	Vaidaugas
m	Vaidenis
m	Vaidginas
m	Vaidila
m	Vaidilas
m	Vaidimantas
m	Vaidingas
m	Vaidis
m	Vaidmantas
m	Vaidminas
m	Vaidotas
m	Vaidrimas
m	Vaidrius
m	Vaigandas
m	Vaigaudas
m	Vaigintas
m	Vaigirdas
m	Vaigydas
m	Vaimindas
m	Vaimintas
m	Vainas
m	Vainibutas
m	Vainis
m	Vainius
m	Vainoras
m	Vainotas
m	Vainys
m	Vaisvydas
m	Vaišvydas
m	Vaitautas
m	Vaitiekas
m	Vaitiekus
m	Vaitvilas
m	Vaivas
m	Vaivis
m	Vaižgantas
m	Vakaras
m	Vakaris
m	Vakarius
m	Valdas
m	Valdemar
m	Valdemaras
m	Valdimantas
m	Valdimas
m	Valdis
m	Valdys
m	Valentas
m	Valentinas
m	Valeras
m	Valerianas
m	Valerijonas
m	Valerijus
m	Valeris
m	Valerius
m	Valis
m	Valius
m	Valmantas
m	Valteras
m	Valteris
m	Valys
m	Vandalinas
m	Vandalius
m	Vandis
m	Vardaras
m	Vasaris
m	Vėjas
m	Vėjus
m	Venancijus
m	Venantas
m	Venas
m	Vendelinas
m	Venerandas
m	Venius
m	Veras
m	Verenas
m	Vergilijus
m	Verneris
m	Vestas
m	Vestinas
m	Vidas
m	Vidgaudas
m	Vidimantas
m	Vidiminas
m	Vidis
m	Vidmanas
m	Vidmantas
m	Vidmantis
m	Vidmas
m	Vidminas
m	Vidvaldas
m	Vidvilius
m	Vidvydas
m	Viačeslav
m	Vientautas
m	Vieštautas
m	Viesulas
m	Vigas
m	Vigimantas
m	Vigimintas
m	Vigis
m	Vigmanas
m	Vigmantas
m	Viktas
m	Viktoras
m	Viktorijus
m	Viktorinas
m	Viktorius
m	Vilas
m	Vildaras
m	Vildas
m	Vildaugas
m	Vildoras
m	Vilfredas
m	Vilgaila
m	Vilgailas
m	Vilgardas
m	Vilgaudas
m	Vilgimantas
m	Vilgimas
m	Vilgintas
m	Vilgirdas
m	Vilhelmas
m	Viligaila
m	Viligailis
m	Vilijus
m	Vilimanas
m	Vilimantas
m	Vilis
m	Vilius
m	Vilmanas
m	Vilmantas
m	Vilmantis
m	Vilmas
m	Vilminas
m	Vilmis
m	Vilnis
m	Vilnius
m	Viltaras
m	Viltautas
m	Viltenis
m	Viltvidas
m	Vinas
m	Vincas
m	Vincentas
m	Vindaugas
m	Vingas
m	Vingaudas
m	Vingintas
m	Vingirdas
m	Vinis
m	Vinmantas
m	Vintaras
m	Vintartas
m	Vintautas
m	Virbutas
m	Virgandas
m	Virgantas
m	Virgardas
m	Virgas
m	Virgaudas
m	Virgilijus
m	Virgimantas
m	Virgindas
m	Virginijus
m	Virgintas
m	Virgirdas
m	Virgis
m	Virgius
m	Virkantas
m	Virmantas
m	Virvaldas
m	Visalgas
m	Visgaila
m	Visgardas
m	Visgaudas
m	Visgirdas
m	Viskantas
m	Vismantas
m	Visvaldas
m	Visvaldis
m	Visvidas
m	Visvydas
m	Vitalijus
m	Vitalis
m	Vitalius
m	Vitas
m	Vitis
m	Vydas
m	Vydaugas
m	Vydautas
m	Vydenis
m	Vydgantas
m	Vydimantas
m	Vydmantas
m	Vydminas
m	Vydmintas
m	Vygaila
m	Vygailas
m	Vygandas
m	Vygantas
m	Vygardas
m	Vygas
m	Vygaudas
m	Vygimantas
m	Vygindas
m	Vygintas
m	Vygintis
m	Vygirdas
m	Vygis
m	Vygmantas
m	Vygminas
m	Vykantas
m	Vykentas
m	Vykintas
m	Vyktautas
m	Vyliaudas
m	Vylis
m	Vylius
m	Vymantas
m	Vytaras
m	Vytarius
m	Vytartas
m	Vytas
m	Vytautas
m	Vytenis
m	Vytis
m	Vyturys
m	Vladas
m	Vladimiras
m	Vladimir
m	Vladis
m	Vladislavas
m	Vladislovas
m	Voldemaras
m	Voldis
f	Vacė
f	Vaclava
f	Vaclova
f	Vaclovė
f	Vaida
f	Vaidė
f	Vaidenė
f	Vaidilė
f	Vaidilutė
f	Vaidimantė
f	Vaidmilė
f	Vaidmina
f	Vaidminė
f	Vaidora
f	Vaidota
f	Vaidotė
f	Vaidvilė
f	Vaiga
f	Vaigailė
f	Vaigandė
f	Vaigė
f	Vaiginta
f	Vaigintė
f	Vaimantė
f	Vainė
f	Vainora
f	Vainorė
f	Vaisvydė
f	Vaiva
f	Vaivida
f	Vaivorykštė
f	Vaižgantė
f	Vakarė
f	Vala
f	Valda
f	Valdė
f	Valdemara
f	Valdimana
f	Valdonė
f	Valė
f	Valenta
f	Valentina
f	Valerė
f	Valeriana
f	Valerija
f	Valerijona
f	Valia
f	Valma
f	Valmantė
f	Valmina
f	Valtera
f	Vanda
f	Vandalina
f	Vandenė
f	Varda
f	Vargina
f	Vasara
f	Vasarė
f	Vėja
f	Velta
f	Vena
f	Venancija
f	Venanta
f	Venė
f	Veneranda
f	Venta
f	Ventė
f	Vera
f	Verė
f	Verena
f	Vergilija
f	Veridiana
f	Veronika
f	Veslava
f	Vesta
f	Vestina
f	Veta
f	Vėtra
f	Vėtrė
f	Vetusta
f	Vida
f	Vidė
f	Vidgailė
f	Vidimanta
f	Vidimantė
f	Vidimina
f	Vidma
f	Vidmana
f	Vidmanta
f	Vidmantė
f	Vidmina
f	Vidminė
f	Vidvilė
f	Viga
f	Vigimanta
f	Vija
f	Vijola
f	Vijolė
f	Vikta
f	Viktė
f	Viktora
f	Viktorė
f	Viktorija
f	Viktorina
f	Vila
f	Vilė
f	Vilga
f	Vilgailė
f	Vilgaudė
f	Vilgima
f	Vilgimantė
f	Vilgustė
f	Vilhelma
f	Vilhelmina
f	Viligailė
f	Vilija
f	Vilimanta
f	Vilimantė
f	Vilma
f	Vilmanė
f	Vilmanta
f	Vilmantė
f	Vilmina
f	Vilnė
f	Vilta
f	Viltara
f	Viltarė
f	Viltauta
f	Viltautė
f	Viltė
f	Viltenė
f	Viltis
f	Vilvidė
f	Vina
f	Vinca
f	Vincė
f	Vincenta
f	Vincentė
f	Vincentina
f	Vinga
f	Vingailė
f	Vingaudė
f	Vingėla
f	Vingilė
f	Vingra
f	Vintarė
f	Viola
f	Violė
f	Violeta
f	Vira
f	Virga
f	Virgailė
f	Virgauda
f	Virgaudė
f	Virgė
f	Virgeda
f	Virgilija
f	Virginija
f	Virginta
f	Virma
f	Virmanta
f	Virmantė
f	Virmina
f	Visgailė
f	Viskantė
f	Viskintė
f	Visma
f	Vismanta
f	Vismantė
f	Vismilė
f	Visvalda
f	Visvilė
f	Vita
f	Vitalė
f	Vitalija
f	Vitė
f	Viva
f	Viviana
f	Vyda
f	Vydė
f	Vydenė
f	Vydmantė
f	Vydmina
f	Vyga
f	Vygailė
f	Vygandė
f	Vyganta
f	Vygantė
f	Vygaudė
f	Vyginta
f	Vygintė
f	Vyka
f	Vykantė
f	Vykinta
f	Vykintė
f	Vylė
f	Vyta
f	Vytarė
f	Vytauta
f	Vytautė
f	Vytė
f	Vytenė
f	Vlada
f	Vladė
f	Vladislava
f	Vladislova
f	Voldemara
f	Volungė
f	Voruta
m	Zacharijus
m	Zakaras
m	Zakarijas
m	Zakarijus
m	Zbignevas
m	Zbignis
m	Zbignius
m	Zefirinas
m	Zenas
m	Zenis
m	Zenius
m	Zenobijus
m	Zenonas
m	Zenys
m	Zidas
m	Zidoras
m	Zidorius
m	Zigfridas
m	Zigmantas
m	Zigmas
m	Zinaidas
m	Zinas
m	Zinius
m	Zitas
m	Zygfridas
m	Zotikas
f	Zabela
f	Zabelė
f	Zana
f	Zanė
f	Zarislava
f	Zefirina
f	Zelma
f	Zena
f	Zenė
f	Zenobija
f	Zenona
f	Zenonė
f	Zigfrida
f	Zigma
f	Zigmanta
f	Zigmantė
f	Zina
f	Zinaida
f	Zinė
f	Zita
f	Zygfrida
f	Zylė
f	Zofija
f	Zoja
f	Zosė
f	Zuzana
f	Zuzanė
m	Žadmantas
m	Žadvidas
m	Žadvydas
m	Žaibas
m	Žeimantas
m	Žiburys
m	Žilvinas
m	Žilvitis
m	Žingirdas
m	Žintautas
m	Živilis
m	Živilius
m	Žybartas
m	Žydrūnas
m	Žygantas
m	Žygaudas
m	Žygimantas
m	Žygintas
m	Žygirdas
m	Žygis
m	Žymantas
m	Žyvardas
m	Žvaigždynas
m	Žvaigždžius
m	Žvainys
m	Žvitrius
f	Žadmantė
f	Žadmina
f	Žadvilė
f	Žadvydė
f	Žana
f	Žara
f	Žeimantė
f	Žeiminta
f	Žeivida
f	Žemė
f	Žemyna
f	Žiba
f	Žibuoklė
f	Žibuolė
f	Žieda
f	Žiedė
f	Žilva
f	Žilvinė
f	Žina
f	Žintautė
f	Živilė
f	Žydrė
f	Žydronė
f	Žydrūnė
f	Žydrynė
f	Žygeda
f	Žygimanta
f	Žygimantė
f	Žyginta
f	Žygintė
f	Žygmantė
f	Žymantė
f	Žyvilė
f	Žvaigždė
